<?xml version="1.0" encoding="UTF-8"?>
<!DOCTYPE liferay-portlet-app PUBLIC "-//Liferay//DTD Portlet Application 6.0.0//EN" "http://www.liferay.com/dtd/liferay-portlet-app_6_0_0.dtd">

<liferay-portlet-app>
	<portlet>
		<portlet-name>bookCatalog</portlet-name>
		<instanceable>true</instanceable>
		<remoteable>true</remoteable>
		<header-portlet-css>/css/bookCatalog.css</header-portlet-css>
		<header-portlet-javascript>/js/bookCatalog.js</header-portlet-javascript>
	</portlet>
</liferay-portlet-app>