<?xml version="1.0" encoding="UTF-8" standalone="no"?>

<!--
	========================================================================        
    Author 		  : Alok Sharma      
	Date          : 10/13/2014
	Parameter In  : <List of all the input parameters>
	Parameter Out : <List of all the output parameters>     
	Tables        : <List of all the table> 
	Comments      : <Detail comments on the query purpose and any changes should be commented
	                with the bug number and specific reason.>       
	========================================================================
-->

<!DOCTYPE sqlMap PUBLIC "-//iBATIS.com//DTD SQL Map 2.0//EN"
        "http://www.ibatis.com/dtd/sql-map-2.dtd">
<sqlMap>
	
	<!-- 
	=================================================================
	Mobile Tab operations
	=================================================================
	 -->
	
	
	<resultMap id="bugObject" 	class="com.fsvps.bms.domain.Bug">
		 <result property="bugId"      				column="nbbugid" 				/>
		 <result property="typeId"      			column="nbtypeid"    		  	/>
		 <result property="state"      				column="nbstate"    			/>
		 <result property="priority"      			column="vcpriority"    		 	/>
		 <result property="title"     				column="vctitle"          		/>
		 <result property="description"     			column="vcdescription"          />
		 <result property="reportedby"     				column="nbreportedby"          	/>
		 <result property="reportedDate"     			column="dtreported"          	/>
		 <result property="lastModifiedDate"     		column="dtlastmodified"         />
		 <result property="statusId"     				column="nbstatusid"          	/>
		 <result property="projectId"     				column="nbprojectid"			/>
		 <result property="assignedTo"     				column="nbuserid"          		/>
		 <result property="severity"     				column="vcseverity"          	/>
		 <result property="env"     					column="vcenv"          		/>
	</resultMap>
	
	<select id="getBugById"  resultMap="bugObject">
		select * from BUG where nbbugid=#bugId#
	</select>
	
	<select id="getReportedBugs"  resultMap="bugObject">
		select nbbugid,nbtypeid,nbstate,vcpriority,vctitle,dtlastmodified,vcenv from BUG where nbreportedby=#userId#
	</select>
	
	<select id="getAssignedBugs"  resultMap="bugObject">
		select nbbugid,nbtypeid,nbstate,vcpriority,vctitle,dtlastmodified,vcenv from BUG where nbuserid=#userId#
	</select>
	
	<insert id="insertBug" parameterClass="com.fsvps.bms.domain.Bug">
	   insert into BUG(nbtypeid, nbstate,vcpriority,vctitle,vcdescription,nbreportedby,
	   dtreported,dtlastmodified,nbstatusid,nbprojectid,vcseverity,vcenv)
	   values (#typeId#, #state#,#priority#,#title#,#description#,,#reportedby#,#reportedDate#,
	   #lastModifiedDate#,#statusId#,#projectId#,#assignedTo#,#severity#,#env#)
	</insert> 
	
	
	
	
</sqlMap>

