<?xml version="1.0"?>

<!--
	========================================================================        
    Author 		  : Alok Sharma      
	Date          : 10/13/2014
	Parameter In  : <List of all the input parameters>
	Parameter Out : <List of all the output parameters>     
	Tables        : <List of all the table> 
	Comments      : <Detail comments on the query purpose and any changes should be commented
	                with the bug number and specific reason.>       
	========================================================================
-->


<beans xmlns="http://www.springframework.org/schema/beans"
	xmlns:ehcache="http://ehcache-spring-annotations.googlecode.com/svn/schema/ehcache-spring" 
	xmlns:xsi="http://www.w3.org/2001/XMLSchema-instance" xmlns:tx="http://www.springframework.org/schema/tx"
	xmlns:context="http://www.springframework.org/schema/context"
	xmlns:aop="http://www.springframework.org/schema/aop"
	xsi:schemaLocation="http://www.springframework.org/schema/beans 
                        http://www.springframework.org/schema/beans/spring-beans-3.1.xsd
                        http://www.springframework.org/schema/context
                        http://www.springframework.org/schema/context/spring-context-3.1.xsd
                        http://www.springframework.org/schema/aop 
                        http://www.springframework.org/schema/aop/spring-aop-3.1.xsd
                        http://www.springframework.org/schema/cache 
				        http://www.springframework.org/schema/cache/spring-cache.xsd
				        http://ehcache-spring-annotations.googlecode.com/svn/schema/ehcache-spring 
				  		http://ehcache-spring-annotations.googlecode.com/svn/schema/ehcache-spring/ehcache-spring-1.2.xsd">


    
	<context:annotation-config />
	
	<context:property-placeholder location="classpath:databaseConfig.properties"/>  
	<context:component-scan base-package="com.fsvps.bms.service" />
	<context:component-scan base-package="com.fsvps.bms.domain" />
	
	<bean id="viewResolver"
		class="org.springframework.web.servlet.view.InternalResourceViewResolver">
		<property name="viewClass">
			<value>org.springframework.web.servlet.view.JstlView</value>
		</property>
		<property name="prefix">
			<value>/WEB-INF/jsp/</value>
		</property>
		<property name="suffix">
			<value>.jsp</value>
		</property>
	</bean>
	
	<bean id="messageSource"
		class="org.springframework.context.support.ReloadableResourceBundleMessageSource">
		<property name="basenames">
			<list>
				<value>classpath:spring/messages</value>
			</list>
		</property>
	</bean>
	
	<bean id="dataSource" class="org.apache.commons.dbcp.BasicDataSource" destroy-method="close">
	    <property name="driverClassName" value="${jdbc.driverClassName}" />
	    <property name="url" value="${jdbc.url}" />
	    <property name="username" value="${jdbc.user}" />
	    <property name="password" value="${jdbc.pass}" />
	</bean>

	<!-- SqlMap setup for iBATIS Database Layer -->
	<bean id="sqlMapClient" class="org.springframework.orm.ibatis.SqlMapClientFactoryBean"
		abstract="true">
		<property name="dataSource">
			<ref bean="dataSource" />
		</property>
	</bean>
	
	<bean id="core.sqlMapClient" parent="sqlMapClient">
		<property name="configLocation">
			<value>classpath:iBatis/core-sql-map-config.xml
            </value>
		</property>
		<!-- <property name="sqlMapClientProperties">
			<props>
				<prop key="PortalSchema">${PortalSchema}</prop>
			</props>
		</property> -->
	</bean>		
	
	<bean id="abstractDao" abstract="true">
		<property name="sqlMapClient">
			<ref local="core.sqlMapClient" />
		</property>
	</bean>
	
	
	<!-- <bean id="bmsService" class="com.fsvps.bms.service.BMSServiceImpl"	 /> 
		
	 <bean id="bmsDao" class="com.fsvps.bms.dao.BMSDaoImpl"
		parent="abstractDao" /> --> 
	 
	<!-- <bean id="multipartResolver" class="org.springframework.web.multipart.commons.CommonsMultipartResolver" >
    	<property name="maxUploadSize" value="1000000"/>
	</bean> -->
	
	
 	
</beans>
