<?xml version="1.0" encoding="UTF-8"?>

<portlet-app xmlns="http://java.sun.com/xml/ns/portlet/portlet-app_2_0.xsd"
	xmlns:xsi="http://www.w3.org/2001/XMLSchema-instance" version="2.0"
	xsi:schemaLocation="http://java.sun.com/xml/ns/portlet/portlet-app_2_0.xsd http://java.sun.com/xml/ns/portlet/portlet-app_2_0.xsd">
	<portlet id="catalog">
		<portlet-name>UserRegistrationPortlet</portlet-name>
		<display-name>User Registration Portlet</display-name>
		<portlet-class>chapter02.code.listing.UserRegistrationPortlet</portlet-class>
		<init-param>
			<name>defaultEmail</name>
			<value>@liferay.com</value>
		</init-param>
		<supports>
			<mime-type>text/html</mime-type>
			<portlet-mode>VIEW</portlet-mode>
			<portlet-mode>EDIT</portlet-mode>
			<portlet-mode>HELP</portlet-mode>
		</supports>
		<resource-bundle>content.Language-ext</resource-bundle>
		<container-runtime-option>
			<name>javax.portlet.actionScopedRequestAttributes</name>
			<value>true</value>
		</container-runtime-option>
	</portlet>
</portlet-app>